ObjectID,GlobalID,ParentGlobalID,CreationDate,Creator,EditDate,Editor
1,c0bbebaf-e806-441f-9619-6d49c11e9850,02405507-e98b-413f-b872-5f6dd4adaa4a,8/17/2020 5:02:09 PM,CIR_FieldTech1,8/17/2020 5:02:09 PM,CIR_FieldTech1
2,14e5c884-4dfa-4b38-be77-d09d36f2e8ed,02405507-e98b-413f-b872-5f6dd4adaa4a,8/17/2020 5:02:09 PM,CIR_FieldTech1,8/17/2020 5:02:09 PM,CIR_FieldTech1
3,4f489518-e704-4ef2-8491-6e274fb706a9,3754f979-8d2e-4e68-bf9d-fc5c71bdb45a,8/17/2020 8:17:25 PM,CIR_FieldTech1,8/17/2020 8:17:25 PM,CIR_FieldTech1
4,b9277ec9-3ea8-42ea-9740-292b89593bcf,3754f979-8d2e-4e68-bf9d-fc5c71bdb45a,8/17/2020 8:17:25 PM,CIR_FieldTech1,8/17/2020 8:17:25 PM,CIR_FieldTech1
5,dd501133-9f7d-4d9b-a503-1e98f7a95a58,3754f979-8d2e-4e68-bf9d-fc5c71bdb45a,8/17/2020 8:17:25 PM,CIR_FieldTech1,8/17/2020 8:17:25 PM,CIR_FieldTech1
6,9fc215e8-d88f-42b9-a6eb-907c1c2b879e,67ced1a0-c6f0-4c00-a0b4-21e961f13fdb,8/17/2020 8:18:18 PM,CIR_FieldTech1,8/17/2020 8:18:18 PM,CIR_FieldTech1
7,ddba3ae1-e9aa-4147-8e00-29f08dbadda2,67ced1a0-c6f0-4c00-a0b4-21e961f13fdb,8/17/2020 8:18:18 PM,CIR_FieldTech1,8/17/2020 8:18:18 PM,CIR_FieldTech1
8,9d41e79f-bc21-44d6-bf9b-161337ed1ec2,7de09f52-d741-4528-89e8-71c75ed467e2,8/17/2020 8:19:19 PM,CIR_FieldTech1,8/17/2020 8:19:19 PM,CIR_FieldTech1
9,2e72f606-2da7-4d99-9b50-753b0fc1d0ae,7de09f52-d741-4528-89e8-71c75ed467e2,8/17/2020 8:19:19 PM,CIR_FieldTech1,8/17/2020 8:19:19 PM,CIR_FieldTech1
10,f29fa80a-f14a-418a-8114-a79b1e8c4456,7266fc53-23b5-4df3-915a-420af4d0ee00,8/19/2020 9:34:40 PM,CIR_FieldTech1,8/19/2020 9:34:40 PM,CIR_FieldTech1
11,e6860162-ae7e-4c8f-9631-d4c66e45a6d8,7266fc53-23b5-4df3-915a-420af4d0ee00,8/19/2020 9:34:40 PM,CIR_FieldTech1,8/19/2020 9:34:40 PM,CIR_FieldTech1
12,9ca6a524-7dbf-4355-a562-184f0c1032af,ab28f32c-f877-405f-8035-39eeb6065c55,8/19/2020 9:41:34 PM,CIR_FieldTech1,8/19/2020 9:41:34 PM,CIR_FieldTech1
13,50c9cfbc-d2d2-4f97-abd1-6355d5991ad1,ab28f32c-f877-405f-8035-39eeb6065c55,8/19/2020 9:41:34 PM,CIR_FieldTech1,8/19/2020 9:41:34 PM,CIR_FieldTech1
14,0a64c4a9-1c9c-444d-a8e2-1cd0faf2f2c8,4630f5d2-ffa7-4a89-8bc0-f0199fda4bd0,8/19/2020 9:49:06 PM,CIR_FieldTech1,8/19/2020 9:49:06 PM,CIR_FieldTech1
15,9123307b-2c19-4840-94f0-0178ad09c84d,4630f5d2-ffa7-4a89-8bc0-f0199fda4bd0,8/19/2020 9:49:06 PM,CIR_FieldTech1,8/19/2020 9:49:06 PM,CIR_FieldTech1
16,5d3ae676-1268-4147-a3e0-da255e6c016d,f64f6233-4a17-4b90-b044-ac98be73a818,8/19/2020 10:12:36 PM,CIR_FieldTech1,8/19/2020 10:12:36 PM,CIR_FieldTech1
17,c1b2aa18-9b3b-4afd-94c2-01e9755bfa9f,f64f6233-4a17-4b90-b044-ac98be73a818,8/19/2020 10:12:36 PM,CIR_FieldTech1,8/19/2020 10:12:36 PM,CIR_FieldTech1
18,1f6ee3ba-d776-4eea-920b-43fa8c2d3df2,674cd3e1-e1ff-487e-9468-10c6f926185b,8/19/2020 10:16:43 PM,CIR_FieldTech1,8/19/2020 10:16:43 PM,CIR_FieldTech1
19,2b221ae4-0549-41ba-a8ab-cd2a54a8c2ca,674cd3e1-e1ff-487e-9468-10c6f926185b,8/19/2020 10:16:43 PM,CIR_FieldTech1,8/19/2020 10:16:43 PM,CIR_FieldTech1
20,2b867122-5da7-4ee0-bb2b-206c1b34456c,612e62f4-8fa8-4456-90c6-79c670250ca0,8/19/2020 10:20:12 PM,CIR_FieldTech1,8/19/2020 10:20:12 PM,CIR_FieldTech1
21,480f8e33-d21b-4da4-89d7-7f691b0825ef,612e62f4-8fa8-4456-90c6-79c670250ca0,8/19/2020 10:20:12 PM,CIR_FieldTech1,8/19/2020 10:20:12 PM,CIR_FieldTech1
22,8e4305fe-e059-4dcf-9859-424fbbc41745,706ef153-54da-4d71-a190-9ac331c98bcf,9/18/2020 8:51:50 PM,CIR_FieldTech1,9/18/2020 8:51:50 PM,CIR_FieldTech1
23,12121eda-4c36-41f1-b5bd-be40ed8182b4,706ef153-54da-4d71-a190-9ac331c98bcf,9/18/2020 8:51:50 PM,CIR_FieldTech1,9/18/2020 8:51:50 PM,CIR_FieldTech1
24,d354723e-7fe6-4b74-8fbf-36aa594ad0e3,67542a91-1501-435a-a115-30ac5564fac8,9/18/2020 8:57:43 PM,CIR_FieldTech1,9/18/2020 8:57:43 PM,CIR_FieldTech1
25,e2c1fc43-2d5a-4c61-86c2-99c67a905cd4,67542a91-1501-435a-a115-30ac5564fac8,9/18/2020 8:57:43 PM,CIR_FieldTech1,9/18/2020 8:57:43 PM,CIR_FieldTech1
26,d5b11b0e-3ad8-46bb-9268-9936d147cc21,c40ca6f9-7fc4-4dcc-81d2-9c74d17fc420,9/18/2020 9:15:33 PM,CIR_FieldTech1,9/18/2020 9:15:33 PM,CIR_FieldTech1
27,c5d13b97-fb0a-436c-b2a7-30384089b1e2,c40ca6f9-7fc4-4dcc-81d2-9c74d17fc420,9/18/2020 9:15:33 PM,CIR_FieldTech1,9/18/2020 9:15:33 PM,CIR_FieldTech1
28,91d546a7-bcb5-4c45-b92f-579953b4266e,57a7f93e-07c9-43b4-85a8-6ac960ae6fed,9/18/2020 9:23:06 PM,CIR_FieldTech1,9/18/2020 9:23:06 PM,CIR_FieldTech1
29,0c5e02e7-c8c1-4427-a4a0-9b5fb7266dde,57a7f93e-07c9-43b4-85a8-6ac960ae6fed,9/18/2020 9:23:06 PM,CIR_FieldTech1,9/18/2020 9:23:06 PM,CIR_FieldTech1
30,d326b4e8-6655-40e9-bb25-1bcd0bb3fdbe,c8df7a4d-3933-47d4-b09b-36148dbd1311,9/18/2020 9:27:27 PM,CIR_FieldTech1,9/18/2020 9:27:27 PM,CIR_FieldTech1
31,1caef549-f86b-482e-8760-9853d83b0492,c8df7a4d-3933-47d4-b09b-36148dbd1311,9/18/2020 9:27:27 PM,CIR_FieldTech1,9/18/2020 9:27:27 PM,CIR_FieldTech1
32,03c46d71-2a02-4f0c-9db1-385869cb71eb,93961b38-7480-4086-b895-05640e82f37e,9/18/2020 9:36:00 PM,CIR_FieldTech1,9/18/2020 9:36:00 PM,CIR_FieldTech1
33,b4bce714-194c-45b1-90ce-b8437c757cb0,93961b38-7480-4086-b895-05640e82f37e,9/18/2020 9:36:00 PM,CIR_FieldTech1,9/18/2020 9:36:00 PM,CIR_FieldTech1
34,4aeed333-0697-4245-b71a-28a0c5baf2a9,1c0ee14a-5451-4204-8da5-3f7c0b2f968e,9/18/2020 9:51:33 PM,CIR_FieldTech1,9/18/2020 9:51:33 PM,CIR_FieldTech1
35,98d1e41e-3d06-4b22-94ac-5cc0cc2582d1,1c0ee14a-5451-4204-8da5-3f7c0b2f968e,9/18/2020 9:51:33 PM,CIR_FieldTech1,9/18/2020 9:51:33 PM,CIR_FieldTech1
36,d8fec3f3-b7db-47b3-a276-5dd3b3b0822c,68124606-5121-457b-b462-f6f9e884e026,9/18/2020 10:15:22 PM,CIR_FieldTech1,9/18/2020 10:15:22 PM,CIR_FieldTech1
37,7572419f-18ba-4da1-b94b-f84c6e2b14cb,68124606-5121-457b-b462-f6f9e884e026,9/18/2020 10:15:22 PM,CIR_FieldTech1,9/18/2020 10:15:22 PM,CIR_FieldTech1
38,34b34eb0-c651-4fdc-b480-b18928b820c4,ecf00a24-a78b-43a8-a4a9-2e71d99c2434,9/18/2020 10:24:15 PM,CIR_FieldTech1,9/18/2020 10:24:15 PM,CIR_FieldTech1
39,cad7abc8-87cc-469d-8907-03b2287666c3,ecf00a24-a78b-43a8-a4a9-2e71d99c2434,9/18/2020 10:24:15 PM,CIR_FieldTech1,9/18/2020 10:24:15 PM,CIR_FieldTech1
40,97054276-98d7-42bc-bd52-5311fdeb0d67,f4e88002-351e-45e6-8b2a-df1db9cdf81b,3/15/2022 11:16:16 PM,CIR_FieldTech1,3/15/2022 11:16:16 PM,CIR_FieldTech1
41,454806c6-e692-4d33-b81e-c0a8b9d31253,f4e88002-351e-45e6-8b2a-df1db9cdf81b,3/15/2022 11:16:16 PM,CIR_FieldTech1,3/15/2022 11:16:16 PM,CIR_FieldTech1
42,54ae6dec-1484-492b-9274-d9328728a48f,f4e88002-351e-45e6-8b2a-df1db9cdf81b,3/15/2022 11:16:16 PM,CIR_FieldTech1,3/15/2022 11:16:16 PM,CIR_FieldTech1
43,5686629b-604d-453f-912d-bba9cf28fda8,f4e88002-351e-45e6-8b2a-df1db9cdf81b,3/15/2022 11:16:16 PM,CIR_FieldTech1,3/15/2022 11:16:16 PM,CIR_FieldTech1
44,66194541-8bf7-4b1e-aa47-fb57ca51c8ef,8215fe6c-f92b-4d60-ab67-d2b717eaf2d6,3/15/2022 11:16:26 PM,CIR_FieldTech1,3/15/2022 11:16:26 PM,CIR_FieldTech1
45,72860315-48f3-4cab-ad4a-871e55c501d4,8215fe6c-f92b-4d60-ab67-d2b717eaf2d6,3/15/2022 11:16:26 PM,CIR_FieldTech1,3/15/2022 11:16:26 PM,CIR_FieldTech1
46,3e1887c4-6bf3-444a-8eda-9873e9d341c6,8215fe6c-f92b-4d60-ab67-d2b717eaf2d6,3/15/2022 11:16:26 PM,CIR_FieldTech1,3/15/2022 11:16:26 PM,CIR_FieldTech1
47,0691e3e7-c575-4b81-bcb4-570e46298651,554f2a96-d324-457d-ab58-f87a311d9811,3/15/2022 11:16:42 PM,CIR_FieldTech1,3/15/2022 11:16:42 PM,CIR_FieldTech1
48,e237110f-6ba4-49e7-a9f1-6d64814dacf3,554f2a96-d324-457d-ab58-f87a311d9811,3/15/2022 11:16:42 PM,CIR_FieldTech1,3/15/2022 11:16:42 PM,CIR_FieldTech1
49,a310ea1c-bb9f-4dd3-acdf-41a0636ed62e,554f2a96-d324-457d-ab58-f87a311d9811,3/15/2022 11:16:42 PM,CIR_FieldTech1,3/15/2022 11:16:42 PM,CIR_FieldTech1
50,fbeaffe8-c6f8-4eda-879a-3db5020c2c81,963698f4-f958-45de-a4f4-959c88253024,3/15/2022 11:17:09 PM,CIR_FieldTech1,3/15/2022 11:17:09 PM,CIR_FieldTech1
51,cb06997e-148b-49fe-9788-5bf1ac786867,963698f4-f958-45de-a4f4-959c88253024,3/15/2022 11:17:09 PM,CIR_FieldTech1,3/15/2022 11:17:09 PM,CIR_FieldTech1
52,50faaca7-72c6-4a8c-b11b-fe4f2f63785a,963698f4-f958-45de-a4f4-959c88253024,3/15/2022 11:17:09 PM,CIR_FieldTech1,3/15/2022 11:17:09 PM,CIR_FieldTech1
53,eb2d27a1-d97e-454d-9d34-b9936bb074d1,32a9bad0-a6a7-4bdc-93b9-7f5f26df57f2,3/16/2022 8:34:01 PM,CIR_FieldTech1,3/16/2022 8:34:01 PM,CIR_FieldTech1
54,841cee5c-e7fd-420c-b548-508245d59564,32a9bad0-a6a7-4bdc-93b9-7f5f26df57f2,3/16/2022 8:34:01 PM,CIR_FieldTech1,3/16/2022 8:34:01 PM,CIR_FieldTech1
55,0d88c567-53d7-4db2-a989-71b00513eb86,32a9bad0-a6a7-4bdc-93b9-7f5f26df57f2,3/16/2022 8:34:01 PM,CIR_FieldTech1,3/16/2022 8:34:01 PM,CIR_FieldTech1
56,a869b950-36fb-41d6-835f-3f34d6d77241,6637da69-7981-410f-bd3f-cdbeeb889028,3/16/2022 9:47:07 PM,CIR_FieldTech1,3/16/2022 9:47:07 PM,CIR_FieldTech1
57,6bcfed30-b43c-498f-9638-622ef3ebe537,6637da69-7981-410f-bd3f-cdbeeb889028,3/16/2022 9:47:07 PM,CIR_FieldTech1,3/16/2022 9:47:07 PM,CIR_FieldTech1
58,b9286f27-f63c-4d6a-9c0e-07c809822cf4,6637da69-7981-410f-bd3f-cdbeeb889028,3/16/2022 9:47:07 PM,CIR_FieldTech1,3/16/2022 9:47:07 PM,CIR_FieldTech1
59,84d81c51-8860-4115-b46c-7350a69a5f1b,88f54b38-561b-43f6-bfe8-a3f8b5b599e7,3/16/2022 10:46:58 PM,CIR_FieldTech1,3/16/2022 10:46:58 PM,CIR_FieldTech1
60,2f3e2de2-eb0e-412d-bdc2-713040490c5f,88f54b38-561b-43f6-bfe8-a3f8b5b599e7,3/16/2022 10:46:58 PM,CIR_FieldTech1,3/16/2022 10:46:58 PM,CIR_FieldTech1
61,8d402f37-ac77-4631-8a97-7713362cb683,88f54b38-561b-43f6-bfe8-a3f8b5b599e7,3/16/2022 10:46:58 PM,CIR_FieldTech1,3/16/2022 10:46:58 PM,CIR_FieldTech1
62,6e2e7d60-1a31-4816-a833-0fe00c10bffc,a0fbbfed-9557-4f47-8eb4-08f2f107d063,3/17/2022 4:07:50 PM,CIR_FieldTech1,3/17/2022 4:07:50 PM,CIR_FieldTech1
63,83456180-a09b-4534-a1d7-112f67638c96,a0fbbfed-9557-4f47-8eb4-08f2f107d063,3/17/2022 4:07:50 PM,CIR_FieldTech1,3/17/2022 4:07:50 PM,CIR_FieldTech1
64,c5dd9252-a63b-4906-ac05-e2a23007d4fc,a0fbbfed-9557-4f47-8eb4-08f2f107d063,3/17/2022 4:07:50 PM,CIR_FieldTech1,3/17/2022 4:07:50 PM,CIR_FieldTech1
65,7fc8bbbc-22d5-4fec-81cf-056d2b372c90,5dab7d0d-1004-4001-a496-f08a7a249f88,3/17/2022 4:42:38 PM,CIR_FieldTech1,3/17/2022 4:42:38 PM,CIR_FieldTech1
66,634c8ddc-55fe-41c1-b84c-756b4f619e6f,5dab7d0d-1004-4001-a496-f08a7a249f88,3/17/2022 4:42:38 PM,CIR_FieldTech1,3/17/2022 4:42:38 PM,CIR_FieldTech1
67,3725d040-7764-4337-b474-0e4dd1c75b57,5dab7d0d-1004-4001-a496-f08a7a249f88,3/17/2022 4:42:38 PM,CIR_FieldTech1,3/17/2022 4:42:38 PM,CIR_FieldTech1
68,ed91d396-cda6-4d18-a7f5-4a0cc723de10,b1f99962-9710-4070-baf5-dc0dbe197b6f,3/17/2022 7:15:59 PM,CIR_FieldTech1,3/17/2022 7:15:59 PM,CIR_FieldTech1
69,b71fd51b-723d-4a39-b287-53a8b5577491,b1f99962-9710-4070-baf5-dc0dbe197b6f,3/17/2022 7:15:59 PM,CIR_FieldTech1,3/17/2022 7:15:59 PM,CIR_FieldTech1
70,22a45556-b58f-4086-b33b-60c503fbf7f5,b1f99962-9710-4070-baf5-dc0dbe197b6f,3/17/2022 7:15:59 PM,CIR_FieldTech1,3/17/2022 7:15:59 PM,CIR_FieldTech1
71,1c636ae7-eadf-409c-8a23-c982be5c116c,fdc61236-cd7b-4c7f-8834-29b48727635b,3/17/2022 8:20:00 PM,CIR_FieldTech1,3/17/2022 8:20:00 PM,CIR_FieldTech1
72,8b3ec512-59b2-4c61-84f3-7078c3256c30,fdc61236-cd7b-4c7f-8834-29b48727635b,3/17/2022 8:20:00 PM,CIR_FieldTech1,3/17/2022 8:20:00 PM,CIR_FieldTech1
73,99e13f64-758d-48ad-bb51-6917a09893e4,fdc61236-cd7b-4c7f-8834-29b48727635b,3/17/2022 8:20:00 PM,CIR_FieldTech1,3/17/2022 8:20:00 PM,CIR_FieldTech1
74,c9d46ef3-5147-4360-9add-32da36e8822f,6a2a9f10-51e9-4a37-846d-85eaf09377ff,3/17/2022 9:46:36 PM,CIR_FieldTech1,3/17/2022 9:46:36 PM,CIR_FieldTech1
75,5ec01518-b6ae-4f4c-8103-9fec6738bd25,6a2a9f10-51e9-4a37-846d-85eaf09377ff,3/17/2022 9:46:36 PM,CIR_FieldTech1,3/17/2022 9:46:36 PM,CIR_FieldTech1
76,81e04d79-31e8-4533-b0b0-210c0e6b1d55,6a2a9f10-51e9-4a37-846d-85eaf09377ff,3/17/2022 9:46:36 PM,CIR_FieldTech1,3/17/2022 9:46:36 PM,CIR_FieldTech1
77,d42f34a4-34c2-4f85-9b90-8bf5b4eba563,7b3ec6ab-3d1a-4abe-a182-ed62503f5cc5,3/17/2022 11:05:53 PM,CIR_FieldTech1,3/17/2022 11:05:53 PM,CIR_FieldTech1
78,3ca4311d-26b8-4b9c-ab8a-08f90f697bf6,7b3ec6ab-3d1a-4abe-a182-ed62503f5cc5,3/17/2022 11:05:53 PM,CIR_FieldTech1,3/17/2022 11:05:53 PM,CIR_FieldTech1
79,4a33c33c-e95c-401f-8e0e-8189f26a52c7,7b3ec6ab-3d1a-4abe-a182-ed62503f5cc5,3/17/2022 11:05:53 PM,CIR_FieldTech1,3/17/2022 11:05:53 PM,CIR_FieldTech1
80,27f72ff6-5109-483d-b047-cd05cd5a42d6,3602083f-d134-4656-851b-bc6288271445,3/17/2022 11:07:52 PM,CIR_FieldTech1,3/17/2022 11:07:52 PM,CIR_FieldTech1
81,9c345e58-853c-4a84-a77d-49e0775be1ef,3602083f-d134-4656-851b-bc6288271445,3/17/2022 11:07:52 PM,CIR_FieldTech1,3/17/2022 11:07:52 PM,CIR_FieldTech1
82,4f622963-b105-4a54-bb99-b4a22d140ef8,3602083f-d134-4656-851b-bc6288271445,3/17/2022 11:07:52 PM,CIR_FieldTech1,3/17/2022 11:07:52 PM,CIR_FieldTech1
83,678287ec-2c75-402f-9066-ef9feb00cd73,6b0e6e70-c81e-4bc0-8c05-01529f5baa14,3/18/2022 4:10:52 PM,CIR_FieldTech1,3/18/2022 4:10:52 PM,CIR_FieldTech1
84,b6c2facb-b597-4e8c-aba1-188e8c530556,6b0e6e70-c81e-4bc0-8c05-01529f5baa14,3/18/2022 4:10:52 PM,CIR_FieldTech1,3/18/2022 4:10:52 PM,CIR_FieldTech1
85,f18fa0a1-3ef7-457d-b6ba-34b24a411791,6b0e6e70-c81e-4bc0-8c05-01529f5baa14,3/18/2022 4:10:52 PM,CIR_FieldTech1,3/18/2022 4:10:52 PM,CIR_FieldTech1
86,0f33a5f4-c08e-41de-ac63-934344977d13,05b006a4-ed98-4a3c-bdc9-9af4b1e5a36c,3/18/2022 5:19:05 PM,CIR_FieldTech1,3/18/2022 5:19:05 PM,CIR_FieldTech1
87,34eccd21-7b3c-46a8-98b6-bb10c6bd6194,05b006a4-ed98-4a3c-bdc9-9af4b1e5a36c,3/18/2022 5:19:05 PM,CIR_FieldTech1,3/18/2022 5:19:05 PM,CIR_FieldTech1
88,935e4b5b-365b-4d43-96ef-4f7db55af46f,05b006a4-ed98-4a3c-bdc9-9af4b1e5a36c,3/18/2022 5:19:05 PM,CIR_FieldTech1,3/18/2022 5:19:05 PM,CIR_FieldTech1
89,5733218e-0e60-4953-87ab-70e0f4aa535f,222bcd72-acbc-4277-86cd-56e54510a276,3/18/2022 7:36:19 PM,CIR_FieldTech1,3/18/2022 7:36:19 PM,CIR_FieldTech1
90,82bf27a3-2e70-4625-ba20-1bb18af0ce5e,222bcd72-acbc-4277-86cd-56e54510a276,3/18/2022 7:36:19 PM,CIR_FieldTech1,3/18/2022 7:36:19 PM,CIR_FieldTech1
91,8214acac-7811-4e63-ac25-e41e1789881f,222bcd72-acbc-4277-86cd-56e54510a276,3/18/2022 7:36:19 PM,CIR_FieldTech1,3/18/2022 7:36:19 PM,CIR_FieldTech1
92,3da2e534-84aa-4aaa-badd-e045da3cdcb8,5b4f0502-754c-497e-afd5-b4dc20d06a03,3/18/2022 7:36:51 PM,CIR_FieldTech1,3/18/2022 7:36:51 PM,CIR_FieldTech1
93,c189e115-fdc2-4969-a09e-73b1f295564d,5b4f0502-754c-497e-afd5-b4dc20d06a03,3/18/2022 7:36:51 PM,CIR_FieldTech1,3/18/2022 7:36:51 PM,CIR_FieldTech1
94,21acb45c-6094-40e3-a0fd-59b7a63b1670,5b4f0502-754c-497e-afd5-b4dc20d06a03,3/18/2022 7:36:51 PM,CIR_FieldTech1,3/18/2022 7:36:51 PM,CIR_FieldTech1
95,95a49fc7-5f47-474b-bbb3-1461cabe0def,5b4f0502-754c-497e-afd5-b4dc20d06a03,3/18/2022 7:36:51 PM,CIR_FieldTech1,3/18/2022 7:36:51 PM,CIR_FieldTech1
96,fcfae12e-03bf-481e-98c1-1aa657321a6c,5b814409-40f3-4182-b6b8-377ae20077e6,3/18/2022 8:38:34 PM,CIR_FieldTech1,3/18/2022 8:38:34 PM,CIR_FieldTech1
97,271be793-bbdd-4241-a8f2-3fe03c2bb787,5b814409-40f3-4182-b6b8-377ae20077e6,3/18/2022 8:38:34 PM,CIR_FieldTech1,3/18/2022 8:38:34 PM,CIR_FieldTech1
98,30d402db-ef3e-4ee2-9170-2b075bbf937f,5b814409-40f3-4182-b6b8-377ae20077e6,3/18/2022 8:38:34 PM,CIR_FieldTech1,3/18/2022 8:38:34 PM,CIR_FieldTech1
99,98726de3-c5bc-4676-95e2-eaa084d6d0f5,86d575b6-c8a0-4da2-bc9f-86d648a548e2,3/18/2022 9:41:58 PM,CIR_FieldTech1,3/18/2022 9:41:58 PM,CIR_FieldTech1
100,157b301f-db67-4e45-8d17-f3f2210ba939,86d575b6-c8a0-4da2-bc9f-86d648a548e2,3/18/2022 9:41:58 PM,CIR_FieldTech1,3/18/2022 9:41:58 PM,CIR_FieldTech1
101,a2976350-ca30-43b4-ba5e-f4f7a639a2db,86d575b6-c8a0-4da2-bc9f-86d648a548e2,3/18/2022 9:41:58 PM,CIR_FieldTech1,3/18/2022 9:41:58 PM,CIR_FieldTech1
102,c882c572-8e7a-40b5-a3c9-6240d9916949,6878eabe-071d-45d0-b312-fce875b92785,3/18/2022 9:57:15 PM,CIR_FieldTech1,3/18/2022 9:57:15 PM,CIR_FieldTech1
103,9b831239-9806-4c5b-b1dc-fa30c3beeeb7,6878eabe-071d-45d0-b312-fce875b92785,3/18/2022 9:57:15 PM,CIR_FieldTech1,3/18/2022 9:57:15 PM,CIR_FieldTech1
104,1dafb927-c0b1-44bf-af17-642ddbffb14c,6878eabe-071d-45d0-b312-fce875b92785,3/18/2022 9:57:15 PM,CIR_FieldTech1,3/18/2022 9:57:15 PM,CIR_FieldTech1
105,31a76067-09f7-4ee8-bea1-209e04434de9,ee914702-e0ff-4e9f-b68f-02aec0e138a1,3/22/2022 5:56:27 PM,CIR_FieldTech1,3/22/2022 5:56:27 PM,CIR_FieldTech1
106,5e23ba1a-1289-4f99-bded-0935a02776a9,ee914702-e0ff-4e9f-b68f-02aec0e138a1,3/22/2022 5:56:27 PM,CIR_FieldTech1,3/22/2022 5:56:27 PM,CIR_FieldTech1
107,63046ea2-477b-4765-a12b-bb065f34b9cd,ee914702-e0ff-4e9f-b68f-02aec0e138a1,3/22/2022 5:56:27 PM,CIR_FieldTech1,3/22/2022 5:56:27 PM,CIR_FieldTech1
108,92aade93-aadc-42f6-8388-734a2c3db83d,feedf933-98cc-4663-a8be-0fd49e6448ee,3/22/2022 6:45:41 PM,CIR_FieldTech1,3/22/2022 6:45:41 PM,CIR_FieldTech1
109,bf5a220e-258f-4157-98fe-75384da6813d,feedf933-98cc-4663-a8be-0fd49e6448ee,3/22/2022 6:45:41 PM,CIR_FieldTech1,3/22/2022 6:45:41 PM,CIR_FieldTech1
110,37fb9f10-4e4a-47bb-b56e-c9e6fd58703d,feedf933-98cc-4663-a8be-0fd49e6448ee,3/22/2022 6:45:41 PM,CIR_FieldTech1,3/22/2022 6:45:41 PM,CIR_FieldTech1
111,bbd7990c-24e7-4ba4-ac8b-d2c4960b59f1,ed76a116-a6a2-4835-907c-1e606d5c26cc,3/22/2022 7:02:44 PM,CIR_FieldTech1,3/22/2022 7:02:44 PM,CIR_FieldTech1
112,618423ca-92d0-49e2-a383-2e6af24522b1,ed76a116-a6a2-4835-907c-1e606d5c26cc,3/22/2022 7:02:44 PM,CIR_FieldTech1,3/22/2022 7:02:44 PM,CIR_FieldTech1
113,c1da3371-a78b-47a6-8fb7-a4103883ee06,ed76a116-a6a2-4835-907c-1e606d5c26cc,3/22/2022 7:02:44 PM,CIR_FieldTech1,3/22/2022 7:02:44 PM,CIR_FieldTech1
114,274e85b4-69c4-4326-a7e2-9cfc897cf43a,5ee5b791-a21f-4aa2-9a31-06ba944cf0f8,3/22/2022 8:18:56 PM,CIR_FieldTech1,3/22/2022 8:18:56 PM,CIR_FieldTech1
115,d30c2b02-684a-4fd2-b9a6-48d1e8b0f788,5ee5b791-a21f-4aa2-9a31-06ba944cf0f8,3/22/2022 8:18:56 PM,CIR_FieldTech1,3/22/2022 8:18:56 PM,CIR_FieldTech1
116,9757c029-a5f3-4542-8575-68880e370dd4,5ee5b791-a21f-4aa2-9a31-06ba944cf0f8,3/22/2022 8:18:56 PM,CIR_FieldTech1,3/22/2022 8:18:56 PM,CIR_FieldTech1
117,78ad727e-5d87-4eb8-9bc9-b3b4fb489872,d4a6c3ad-a345-497c-adcf-6c15ffa7c3d8,3/22/2022 8:34:35 PM,CIR_FieldTech1,3/22/2022 8:34:35 PM,CIR_FieldTech1
118,42c64a5d-b043-4701-bed6-301591f37537,d4a6c3ad-a345-497c-adcf-6c15ffa7c3d8,3/22/2022 8:34:35 PM,CIR_FieldTech1,3/22/2022 8:34:35 PM,CIR_FieldTech1
119,1d38bda2-e5ee-4565-b957-136fbadf9fcf,d4a6c3ad-a345-497c-adcf-6c15ffa7c3d8,3/22/2022 8:34:35 PM,CIR_FieldTech1,3/22/2022 8:34:35 PM,CIR_FieldTech1
120,b01cf008-6d57-48d6-bb3e-0985522e4904,b2ab550c-224f-4350-8a26-5aa60d6456e0,3/22/2022 9:28:51 PM,CIR_FieldTech1,3/22/2022 9:28:51 PM,CIR_FieldTech1
121,ecc45f21-e107-410e-8f73-7fd6e6eae8c2,b2ab550c-224f-4350-8a26-5aa60d6456e0,3/22/2022 9:28:51 PM,CIR_FieldTech1,3/22/2022 9:28:51 PM,CIR_FieldTech1
122,5bd59112-f445-42e0-b23a-3b2b19500744,b2ab550c-224f-4350-8a26-5aa60d6456e0,3/22/2022 9:28:51 PM,CIR_FieldTech1,3/22/2022 9:28:51 PM,CIR_FieldTech1
123,7b28bc09-8a90-4e76-96b8-7361041cfced,e972e4f8-dddc-4396-9574-f454f97c739e,1/18/2023 4:47:03 PM,CIRArcGIS,1/18/2023 4:47:03 PM,CIRArcGIS
124,0d5f8753-a58f-4e77-9067-ec919c48c9ac,e6083470-5a2c-4a58-b766-750eeb6dbb38,1/18/2023 5:32:50 PM,CIRArcGIS,1/18/2023 5:32:50 PM,CIRArcGIS
125,58d45f58-2928-4880-91fc-74814d1eb4c1,e6083470-5a2c-4a58-b766-750eeb6dbb38,1/18/2023 5:32:50 PM,CIRArcGIS,1/18/2023 5:32:50 PM,CIRArcGIS
126,6dea53d9-6b11-4d78-8f4f-8e098edc9fe5,1136da4f-0143-4457-862e-fb27f25539bc,1/18/2023 6:29:51 PM,CIRArcGIS,1/18/2023 6:29:51 PM,CIRArcGIS
127,cbe55dca-0404-4925-9d06-48081410eb8a,1136da4f-0143-4457-862e-fb27f25539bc,1/18/2023 6:29:51 PM,CIRArcGIS,1/18/2023 6:29:51 PM,CIRArcGIS
128,8adbfd94-1832-4530-882c-15e43ce3863a,1136da4f-0143-4457-862e-fb27f25539bc,1/18/2023 6:29:51 PM,CIRArcGIS,1/18/2023 6:29:51 PM,CIRArcGIS
129,bdde9b1b-4a2b-4f3c-86d7-b26465376302,1136da4f-0143-4457-862e-fb27f25539bc,1/18/2023 6:29:51 PM,CIRArcGIS,1/18/2023 6:29:51 PM,CIRArcGIS
130,7ca8a693-0437-47c5-8be2-9df64642d8cf,1136da4f-0143-4457-862e-fb27f25539bc,1/18/2023 6:29:51 PM,CIRArcGIS,1/18/2023 6:29:51 PM,CIRArcGIS
131,5dd94d8a-783b-4ef1-b5a4-f9f397a4ad24,f7635a6a-a50d-4f48-aa8b-09c88f456224,1/18/2023 6:51:43 PM,CIRArcGIS,1/18/2023 6:51:43 PM,CIRArcGIS
132,1738fbe4-22c7-41c1-93a0-122744ba289b,f7635a6a-a50d-4f48-aa8b-09c88f456224,1/18/2023 6:51:43 PM,CIRArcGIS,1/18/2023 6:51:43 PM,CIRArcGIS
133,8668d0ba-885f-488e-9702-8bc16320efad,fc815537-4486-4a19-b695-1ca904907e46,1/18/2023 7:36:11 PM,CIRArcGIS,1/18/2023 7:36:11 PM,CIRArcGIS
134,4cc23436-0005-4654-9b29-7a4a20e50a8f,fc815537-4486-4a19-b695-1ca904907e46,1/18/2023 7:36:11 PM,CIRArcGIS,1/18/2023 7:36:11 PM,CIRArcGIS
135,c783b7b9-1f6a-4bc5-a518-283fbfd19bf4,3d3f85dc-67b4-4393-b098-a7644a76c451,1/18/2023 8:25:31 PM,CIRArcGIS,1/18/2023 8:25:31 PM,CIRArcGIS
136,9e1e7ba3-fd43-49a1-8ee0-d27a7974b1ee,3d3f85dc-67b4-4393-b098-a7644a76c451,1/18/2023 8:25:31 PM,CIRArcGIS,1/18/2023 8:25:31 PM,CIRArcGIS
137,7f64aa87-a537-40b1-89c2-dc8b4ef89702,40b95222-3955-4c3b-96b8-c9b6e0744032,1/18/2023 8:45:24 PM,CIRArcGIS,1/18/2023 8:45:24 PM,CIRArcGIS
138,1c892897-ff6e-44f9-914d-ec115493da15,40b95222-3955-4c3b-96b8-c9b6e0744032,1/18/2023 8:45:24 PM,CIRArcGIS,1/18/2023 8:45:24 PM,CIRArcGIS
139,4a9e8ed4-7c8a-480c-9671-24a196f661dc,b1a22fef-9f1c-461b-9ef7-0c4b59f6b384,1/18/2023 9:19:01 PM,CIRArcGIS,1/18/2023 9:19:01 PM,CIRArcGIS
140,05b13bd8-986b-42d9-abc2-d00ff738e846,b1a22fef-9f1c-461b-9ef7-0c4b59f6b384,1/18/2023 9:19:01 PM,CIRArcGIS,1/18/2023 9:19:01 PM,CIRArcGIS
141,9c54f43c-e27f-4526-b5b8-bb259a853b4e,ef8fdb51-6247-43ac-8982-b57712bf4136,1/19/2023 12:40:58 AM,CIRArcGIS,1/19/2023 12:40:58 AM,CIRArcGIS
142,48b8f7f3-1b7f-4938-b6d4-9eaa63cb711e,ef8fdb51-6247-43ac-8982-b57712bf4136,1/19/2023 12:40:58 AM,CIRArcGIS,1/19/2023 12:40:58 AM,CIRArcGIS
143,43522fc1-1d3d-4ab4-98b2-aaba3db42c89,ef8fdb51-6247-43ac-8982-b57712bf4136,1/19/2023 12:40:58 AM,CIRArcGIS,1/19/2023 12:40:58 AM,CIRArcGIS
144,c664da86-20d9-426b-8e13-d6ed65ba2eab,ef8fdb51-6247-43ac-8982-b57712bf4136,1/19/2023 12:40:58 AM,CIRArcGIS,1/19/2023 12:40:58 AM,CIRArcGIS
145,4d1cc887-4d8a-4a0f-9c56-061bab41e6b4,ef8fdb51-6247-43ac-8982-b57712bf4136,1/19/2023 12:40:58 AM,CIRArcGIS,1/19/2023 12:40:58 AM,CIRArcGIS
146,5ca4a538-e25d-4d94-9074-34fa71a163fa,15b6712b-0369-4957-9dce-2d6f29715de5,1/19/2023 12:41:07 AM,CIRArcGIS,1/19/2023 12:41:07 AM,CIRArcGIS
147,8a5dc600-8c97-4c0f-8ce3-7a3c808d229e,15b6712b-0369-4957-9dce-2d6f29715de5,1/19/2023 12:41:07 AM,CIRArcGIS,1/19/2023 12:41:07 AM,CIRArcGIS
148,a6499298-9657-4fdd-ac60-28409137bfd9,15b6712b-0369-4957-9dce-2d6f29715de5,1/19/2023 12:41:07 AM,CIRArcGIS,1/19/2023 12:41:07 AM,CIRArcGIS
149,bc73b434-2d81-4a91-a061-2a7d56e0b549,61144053-e625-4b22-be1a-9839ae14c1e4,1/19/2023 12:41:13 AM,CIRArcGIS,1/19/2023 12:41:13 AM,CIRArcGIS
150,bab35966-e2bc-41dd-9d22-e17215784e34,61144053-e625-4b22-be1a-9839ae14c1e4,1/19/2023 12:41:13 AM,CIRArcGIS,1/19/2023 12:41:13 AM,CIRArcGIS
151,70420c2f-6dfb-41ff-b208-2db068710a3c,61144053-e625-4b22-be1a-9839ae14c1e4,1/19/2023 12:41:13 AM,CIRArcGIS,1/19/2023 12:41:13 AM,CIRArcGIS
152,4a30c529-33d8-4d27-9c98-f2b9be564367,04e62478-4233-4992-8d8b-75dada5dbdfc,1/20/2023 4:41:57 PM,CIRArcGIS,1/20/2023 4:41:57 PM,CIRArcGIS
153,f02bd9ab-1e29-485b-b0ab-96ee6e0c576e,04e62478-4233-4992-8d8b-75dada5dbdfc,1/20/2023 4:41:57 PM,CIRArcGIS,1/20/2023 4:41:57 PM,CIRArcGIS
154,843b54b5-51c2-48d5-bd59-45bfe7d9a1b8,2530acb0-8cdc-42c7-afeb-07d425adb958,1/20/2023 5:12:19 PM,CIRArcGIS,1/20/2023 5:12:19 PM,CIRArcGIS
155,173a3c75-53c3-4f24-8b57-8eddfb689b3c,2530acb0-8cdc-42c7-afeb-07d425adb958,1/20/2023 5:12:19 PM,CIRArcGIS,1/20/2023 5:12:19 PM,CIRArcGIS
156,e015df8f-5be3-4978-9a44-6f7041dbf602,83915346-2915-4f0d-9407-a613f1a46b1f,1/20/2023 5:33:28 PM,CIRArcGIS,1/20/2023 5:33:28 PM,CIRArcGIS
157,48b7ce56-85db-4816-9cba-ec2cd6a8750e,83915346-2915-4f0d-9407-a613f1a46b1f,1/20/2023 5:33:28 PM,CIRArcGIS,1/20/2023 5:33:28 PM,CIRArcGIS
158,504c9748-711e-4bff-aa5e-750aab1038f0,1b1bad67-b9b5-40a9-b7f7-26aa557121ba,1/20/2023 6:26:35 PM,CIRArcGIS,1/20/2023 6:26:35 PM,CIRArcGIS
159,bf3d68d0-c3d0-40e3-8c62-9b75ad6998d1,1b1bad67-b9b5-40a9-b7f7-26aa557121ba,1/20/2023 6:26:35 PM,CIRArcGIS,1/20/2023 6:26:35 PM,CIRArcGIS
160,bab1bb85-7c19-4849-bb65-4c1dc10e92c5,974a46d2-7b7f-4a82-b859-97de7c760ace,1/20/2023 6:51:30 PM,CIRArcGIS,1/20/2023 6:51:30 PM,CIRArcGIS
161,d4ecac94-7d1c-4efc-b138-75ccb18d009b,974a46d2-7b7f-4a82-b859-97de7c760ace,1/20/2023 6:51:30 PM,CIRArcGIS,1/20/2023 6:51:30 PM,CIRArcGIS
162,81f72a78-4c32-4cc8-8ae0-5def06003fd7,e31efc6b-b9e4-4e77-9263-4d89b3221b38,1/20/2023 7:49:01 PM,CIRArcGIS,1/20/2023 7:49:01 PM,CIRArcGIS
163,45dd57f8-9df3-4754-80fc-7c5f26c32fd6,e31efc6b-b9e4-4e77-9263-4d89b3221b38,1/20/2023 7:49:01 PM,CIRArcGIS,1/20/2023 7:49:01 PM,CIRArcGIS
164,4e2c0c19-c39b-4e8d-a219-1766f1dbc6d4,4f58c4e0-85d6-4923-9cc1-8f1c0dc876e1,1/20/2023 8:45:04 PM,CIRArcGIS,1/20/2023 8:45:04 PM,CIRArcGIS
165,c4d91b94-e3d4-450f-b72b-101da4fee9c6,4f58c4e0-85d6-4923-9cc1-8f1c0dc876e1,1/20/2023 8:45:04 PM,CIRArcGIS,1/20/2023 8:45:04 PM,CIRArcGIS
166,23d2ffdd-daa3-4343-a471-a77e3886f51e,4f58c4e0-85d6-4923-9cc1-8f1c0dc876e1,1/20/2023 8:45:04 PM,CIRArcGIS,1/20/2023 8:45:04 PM,CIRArcGIS
167,5d802225-cf3b-423e-9694-5c64eaab8434,cab99d91-dc00-4198-a546-f63b1c9e180a,8/3/2023 5:59:37 PM,CIR_FieldTech1,8/3/2023 5:59:37 PM,CIR_FieldTech1
168,ae69d527-32a6-4c86-995a-080851ea8679,07ea9eec-83d7-4a55-83a4-25735e47a517,8/3/2023 8:25:20 PM,CIR_FieldTech1,8/3/2023 8:25:20 PM,CIR_FieldTech1
169,0bcd491a-0ff2-4ff9-a0ae-6da8e8a31df3,07ea9eec-83d7-4a55-83a4-25735e47a517,8/3/2023 8:25:20 PM,CIR_FieldTech1,8/3/2023 8:25:20 PM,CIR_FieldTech1
170,363c7e14-c31b-46a5-b840-549ecdf63a00,ff126cf4-bf03-4179-bfad-c24bc4e0a127,8/3/2023 10:31:19 PM,CIR_FieldTech1,8/3/2023 10:31:19 PM,CIR_FieldTech1
171,ffeec6c7-42d4-4706-91fc-19a4557c1cbf,9802e936-aea7-4fc4-a76d-72d8edd89a55,8/4/2023 4:56:03 PM,CIRArcGIS,8/4/2023 4:56:03 PM,CIRArcGIS
172,f79b306c-dd37-4de7-9074-e123689f6580,f52d45a1-b8df-4d10-9480-5554ba82a7b5,8/4/2023 7:12:44 PM,CIRArcGIS,8/4/2023 7:12:44 PM,CIRArcGIS
175,d4b7fc30-6351-4944-ab12-e1e33db77cc2,61928629-3fc3-4562-935f-a0e225697a65,6/24/2024 5:15:03 PM,CIR_FieldTech4,6/24/2024 5:15:03 PM,CIR_FieldTech4
176,2209a887-38b9-4a53-aa41-f2b4997754c9,61928629-3fc3-4562-935f-a0e225697a65,6/24/2024 5:15:03 PM,CIR_FieldTech4,6/24/2024 5:15:03 PM,CIR_FieldTech4
177,afac3a1d-6b6d-45dd-a529-08d50dea1988,61928629-3fc3-4562-935f-a0e225697a65,6/24/2024 5:15:03 PM,CIR_FieldTech4,6/24/2024 5:15:03 PM,CIR_FieldTech4
178,ee06ed50-7e03-4508-94d4-2fccd50144b9,61928629-3fc3-4562-935f-a0e225697a65,6/24/2024 5:15:03 PM,CIR_FieldTech4,6/24/2024 5:15:03 PM,CIR_FieldTech4
179,e9b59309-e2b6-4608-8f1e-5dc8bed66566,ed63f6b1-b6e4-4b3f-87c9-b7183870a8b2,7/3/2024 9:08:26 PM,CIR_FieldTech4,7/3/2024 9:08:26 PM,CIR_FieldTech4
180,b7b9ab15-6b5c-47c0-8e2a-c1e59bdeb1bd,19c3d51e-0c6c-4d7a-8ca2-2012ee5633fd,7/3/2024 9:31:07 PM,CIR_FieldTech4,7/3/2024 9:31:07 PM,CIR_FieldTech4
181,33e7787b-9e31-4b54-8df6-32a0469ac84a,e9ec2a9e-8843-4c52-8c58-609befd36c97,7/3/2024 9:49:10 PM,CIR_FieldTech4,7/3/2024 9:49:10 PM,CIR_FieldTech4
182,8915f466-1115-40a3-8b29-b006fd3e7eee,05573942-c890-4903-8ce5-8a22a940837a,7/3/2024 9:53:44 PM,CIR_FieldTech4,7/3/2024 9:53:44 PM,CIR_FieldTech4
183,5956ea06-b0e8-4587-8836-f7a338944f60,d7971dcc-c575-47cd-80ec-78042098c3ea,7/3/2024 10:11:47 PM,CIR_FieldTech4,7/3/2024 10:11:47 PM,CIR_FieldTech4
184,9756d035-4b7d-442f-8f55-4c66ccc076d1,4c8b1c7a-9bf9-45e7-8771-ee001b76fcaf,7/3/2024 10:23:45 PM,CIR_FieldTech4,7/3/2024 10:23:45 PM,CIR_FieldTech4
185,b4310b07-5fef-46e4-800d-6137e94e3d8d,e7ab8087-9529-4e68-84b7-1accff46a0fd,7/3/2024 10:27:54 PM,CIR_FieldTech4,7/3/2024 10:27:54 PM,CIR_FieldTech4
186,2890729b-19cd-485a-8924-19f0a711ecef,3a51acb0-74d3-4b02-8788-ecd205b216ad,7/3/2024 10:32:11 PM,CIR_FieldTech4,7/3/2024 10:32:11 PM,CIR_FieldTech4
187,6b23d41f-daf5-43b5-8c94-b1faac2dfe74,6df23781-bef9-4580-8587-74ad0a0b9c62,7/3/2024 10:44:33 PM,CIR_FieldTech4,7/3/2024 10:44:33 PM,CIR_FieldTech4
188,36868ee0-c64e-4d33-8308-1c4708f2343b,3a5fcd7d-0b71-46d6-8eec-d1bf56df6366,7/4/2024 1:32:00 AM,CIR_FieldTech4,7/4/2024 1:32:00 AM,CIR_FieldTech4
189,97ff72fd-c549-4eed-8cad-2a7ced97b888,d2a5b9ed-5f8a-46dc-89b5-2269ebc9901b,7/4/2024 1:57:34 AM,CIR_FieldTech4,7/4/2024 1:57:34 AM,CIR_FieldTech4
191,ab63cb61-7e8a-44f9-8400-e5e34455123d,fbf03416-4318-460a-874b-495fa413e1e0,7/4/2024 2:15:08 AM,CIR_FieldTech4,7/4/2024 2:15:08 AM,CIR_FieldTech4
193,59c318d1-69b3-4bf3-86f1-356d0eb441c3,a9e82c00-93d3-482a-8f95-ab8be2df9f1d,7/4/2024 10:27:17 PM,CIR_FieldTech4,7/4/2024 10:27:17 PM,CIR_FieldTech4
194,498f6e43-4c54-4c79-8c32-2c13b39d85e7,62a68d98-926a-43ff-8858-9691b5d7733f,7/4/2024 10:33:26 PM,CIR_FieldTech4,7/4/2024 10:33:26 PM,CIR_FieldTech4
195,ca11e390-5fb8-49ee-8a75-ae3f0ecf4fb6,36ec6ce0-2b90-474e-81c6-7d192caa2b2d,7/4/2024 10:45:24 PM,CIR_FieldTech4,7/4/2024 10:45:24 PM,CIR_FieldTech4
196,a0250446-2712-403f-87f1-44a1e52a4c2b,86b5be8e-61a9-4534-8556-6284bb8044fe,7/4/2024 10:48:42 PM,CIR_FieldTech4,7/4/2024 10:48:42 PM,CIR_FieldTech4
197,9460b84e-622f-4df9-bb7b-f32b105d0b89,6bc88237-30f1-42d2-9c66-fb2e221d066a,7/10/2024 6:23:01 PM,CIR_FieldTech4,7/10/2024 6:23:01 PM,CIR_FieldTech4
198,3f64ed09-04b0-4521-b4b6-dd3cbb873198,6bc88237-30f1-42d2-9c66-fb2e221d066a,7/10/2024 6:23:01 PM,CIR_FieldTech4,7/10/2024 6:23:01 PM,CIR_FieldTech4
199,4aeda193-7781-4f3d-9be8-324cb55607de,6bc88237-30f1-42d2-9c66-fb2e221d066a,7/10/2024 6:23:01 PM,CIR_FieldTech4,7/10/2024 6:23:01 PM,CIR_FieldTech4
200,86a3d863-931e-4e4f-91ca-6556071092e5,6bc88237-30f1-42d2-9c66-fb2e221d066a,7/10/2024 6:23:01 PM,CIR_FieldTech4,7/10/2024 6:23:01 PM,CIR_FieldTech4
201,33c9cf9a-16c6-440f-9624-10baa404a57e,d8afaa1e-e87f-4de9-a15e-96fb9913c11a,7/10/2024 9:55:10 PM,CIR_FieldTech4,7/10/2024 9:55:10 PM,CIR_FieldTech4
202,36468169-a7a8-4495-98b6-f931665c46ec,d8afaa1e-e87f-4de9-a15e-96fb9913c11a,7/10/2024 9:55:10 PM,CIR_FieldTech4,7/10/2024 9:55:10 PM,CIR_FieldTech4
203,6a55c88e-a057-4cba-b641-319626b918ea,cab365b4-bbb8-48d0-ba7f-65d627d3fcbc,7/10/2024 9:55:22 PM,CIR_FieldTech4,7/10/2024 9:55:22 PM,CIR_FieldTech4
204,27d5d06b-a3b6-4842-9ec0-b6de6eded530,cab365b4-bbb8-48d0-ba7f-65d627d3fcbc,7/10/2024 9:55:22 PM,CIR_FieldTech4,7/10/2024 9:55:22 PM,CIR_FieldTech4
205,14b130a3-1bee-4978-94bb-be4055f0599a,cab365b4-bbb8-48d0-ba7f-65d627d3fcbc,7/10/2024 9:55:22 PM,CIR_FieldTech4,7/10/2024 9:55:22 PM,CIR_FieldTech4
206,d98964c5-bf77-448c-a6b3-5be7657831e4,2fee3ee4-9202-4b62-bbb7-1ea90bee0bf5,7/11/2024 12:03:47 AM,CIR_FieldTech4,7/11/2024 12:03:47 AM,CIR_FieldTech4
207,c92c0c13-22f3-4693-bf03-1d1e904ee074,2fee3ee4-9202-4b62-bbb7-1ea90bee0bf5,7/11/2024 12:03:47 AM,CIR_FieldTech4,7/11/2024 12:03:47 AM,CIR_FieldTech4
212,a20069e2-306e-4224-b013-94475c9968c2,eaabce5e-2055-4f5f-a7ea-5ad3a9fb185f,7/17/2024 6:17:32 PM,CIR_FieldTech4,7/17/2024 6:17:32 PM,CIR_FieldTech4
213,2b3b8a05-07ec-4eff-be2e-19a0b446f715,eaabce5e-2055-4f5f-a7ea-5ad3a9fb185f,7/17/2024 6:17:32 PM,CIR_FieldTech4,7/17/2024 6:17:32 PM,CIR_FieldTech4
214,e76cd12c-40ec-4204-baf8-7bb4b1e5e66a,eaabce5e-2055-4f5f-a7ea-5ad3a9fb185f,7/17/2024 6:17:32 PM,CIR_FieldTech4,7/17/2024 6:17:32 PM,CIR_FieldTech4
215,b6450520-6977-4af2-a56d-1675cd28b7d5,eaabce5e-2055-4f5f-a7ea-5ad3a9fb185f,7/17/2024 6:17:32 PM,CIR_FieldTech4,7/17/2024 6:17:32 PM,CIR_FieldTech4
216,76cd647f-54d4-4ec3-a318-0df3a552f4bc,1b709b60-3efa-4173-a7d1-d0c3cca37b47,7/17/2024 9:05:00 PM,CIR_FieldTech4,7/17/2024 9:05:00 PM,CIR_FieldTech4
217,04e68d70-e213-42ff-9bb1-6aa3a13be275,1b709b60-3efa-4173-a7d1-d0c3cca37b47,7/17/2024 9:05:00 PM,CIR_FieldTech4,7/17/2024 9:05:00 PM,CIR_FieldTech4
218,eafb55fc-3d66-4db9-8e03-5afabdeb2ff7,1b709b60-3efa-4173-a7d1-d0c3cca37b47,7/17/2024 9:05:00 PM,CIR_FieldTech4,7/17/2024 9:05:00 PM,CIR_FieldTech4
219,def570fa-0c58-4da8-a850-98d98123123b,1b709b60-3efa-4173-a7d1-d0c3cca37b47,7/17/2024 9:05:00 PM,CIR_FieldTech4,7/17/2024 9:05:00 PM,CIR_FieldTech4
220,833762b2-8124-4de1-bde7-50a62510c272,3cac5d7d-0a1c-498b-af9d-f13b122d7617,7/26/2024 4:40:16 PM,CIRArcGIS,7/26/2024 4:40:16 PM,CIRArcGIS
221,5f0fdc40-855f-4e22-81ad-50ff2d00d759,e5b12abf-618e-40e5-aeb5-f142d258cf69,7/26/2024 5:44:53 PM,CIRArcGIS,7/26/2024 5:44:53 PM,CIRArcGIS
222,41cbe30b-55a2-4cab-bf66-5d804c52a679,2b9fdfbc-3125-4e5b-8365-9f5a54d1269d,7/26/2024 6:51:04 PM,CIRArcGIS,7/26/2024 6:51:04 PM,CIRArcGIS
223,03a7ba25-0799-425c-8093-a1b1a3893c0e,dc4e367d-e6dd-4e45-b48c-90bcd83f0669,1/6/2025 5:03:47 PM,CIRArcGIS,1/6/2025 5:03:47 PM,CIRArcGIS
224,1498f975-a043-4a97-86a9-8855ac04a434,4f5efcf4-f35e-4cc3-9021-c832fafc4bcd,1/6/2025 5:29:04 PM,CIRArcGIS,1/6/2025 5:29:04 PM,CIRArcGIS
225,e5d2c3c1-84a5-4409-8ff4-7253ad0a8c79,384affe8-dcf8-473e-b962-d46d5057c08c,1/6/2025 5:54:30 PM,CIR_FieldTech1,1/6/2025 5:54:30 PM,CIR_FieldTech1
226,183f7c51-d5da-423b-9d6e-80408e0f141c,7dfc03ec-0d54-48ba-8c18-806efa2b8903,1/6/2025 5:55:09 PM,CIRArcGIS,1/6/2025 5:55:09 PM,CIRArcGIS
227,2538b554-0aab-4bae-a821-11539652d958,d9db497d-adda-497a-9669-d4e687c8d347,1/6/2025 6:50:33 PM,CIRArcGIS,1/6/2025 6:50:33 PM,CIRArcGIS
228,17ec3ed0-081a-4bf1-a96a-34fb0a0e43a3,6298ecb7-c558-4364-b2f8-8b23f6f2aa7e,1/6/2025 6:58:01 PM,CIR_FieldTech1,1/6/2025 6:58:01 PM,CIR_FieldTech1
229,e4f2e11f-c967-4d16-adf4-f56d291e6b30,64f1a7c9-e4ac-423e-906d-e2afd3c55e92,1/6/2025 7:16:10 PM,CIRArcGIS,1/6/2025 7:16:10 PM,CIRArcGIS
230,fdf42004-c7a2-443c-a0b0-8fe6967a35b7,03766da2-6ff1-4475-b255-9f3ac715e905,1/6/2025 7:32:02 PM,CIRArcGIS,1/6/2025 7:32:02 PM,CIRArcGIS
231,e49e0897-5472-4f6b-bf81-ddd1903a220e,03766da2-6ff1-4475-b255-9f3ac715e905,1/6/2025 7:32:02 PM,CIRArcGIS,1/6/2025 7:32:02 PM,CIRArcGIS
232,cade3523-2949-43c6-93cf-66c761e7b3f4,2bfe0b64-fbcd-4229-aa23-42b7d65300da,1/6/2025 7:34:17 PM,CIR_FieldTech1,1/6/2025 7:34:17 PM,CIR_FieldTech1
233,dcab4da6-58e1-44cd-afcb-8b5e8fc9490f,e78c2da6-ec1c-47b2-a6b1-dcdfde5d2142,1/6/2025 8:02:07 PM,CIRArcGIS,1/6/2025 8:02:07 PM,CIRArcGIS
234,d93c15d8-5785-4b89-8b0e-7a2a2362bbb2,89e707fc-1afa-4ce0-9584-9c014f710762,1/6/2025 8:10:23 PM,CIR_FieldTech1,1/6/2025 8:10:23 PM,CIR_FieldTech1
235,51c1b684-ce1f-4564-ac66-cbb8661ae349,40056ee2-5a6e-4e98-9183-5c1e1f2fe73b,1/6/2025 9:20:57 PM,CIR_FieldTech1,1/6/2025 9:20:57 PM,CIR_FieldTech1
236,f6366788-ba0a-4cc3-9e93-687d8bb05ac4,0fe3a44d-0480-4621-8b5e-4bac4a0d30ae,1/6/2025 9:30:52 PM,CIRArcGIS,1/6/2025 9:30:52 PM,CIRArcGIS
237,6a482769-861a-46d7-b17b-c9b754228dfe,ac6d339a-fdf5-40d4-87e1-9a990566811b,1/6/2025 9:45:09 PM,CIR_FieldTech4,1/6/2025 9:45:09 PM,CIR_FieldTech4
238,2928872b-fa6e-41cd-b57d-f3a673dad19d,c83f3a64-e485-4b97-8f0b-bd723add4936,1/6/2025 9:55:35 PM,CIRArcGIS,1/6/2025 9:55:35 PM,CIRArcGIS
239,98b30b9c-94dc-43bc-a4ad-9eab78b30f13,87198fd4-4e26-4a78-a8f1-95656cbba8bb,1/6/2025 10:14:59 PM,CIR_FieldTech4,1/6/2025 10:14:59 PM,CIR_FieldTech4
240,a1d98029-5d16-45b5-b0a9-881a9da3b38f,7dc4fb82-2da6-4b2f-a68d-2c71b8e83dc5,1/6/2025 10:45:33 PM,CIRArcGIS,1/6/2025 10:45:33 PM,CIRArcGIS
241,a4b31c09-8a95-4407-b07b-98e0ee180407,fbaa9eca-90de-4c8c-a236-2e24bccbf015,1/7/2025 4:52:31 PM,CIR_FieldTech4,1/7/2025 4:52:31 PM,CIR_FieldTech4
242,4a45cb53-b5fb-4cfb-bdf9-23bb56817cdd,78f4127a-7fd9-49f5-86b0-f73a9843d3dc,1/7/2025 5:08:33 PM,CIRArcGIS,1/7/2025 5:08:33 PM,CIRArcGIS
243,4e453e1f-c7c3-4682-b548-19b66531d458,f27ed139-65b9-4fa6-9a4d-80faffc11d14,1/7/2025 5:17:41 PM,CIR_FieldTech4,1/7/2025 5:17:41 PM,CIR_FieldTech4
244,3c22df99-bcaf-4d62-bafa-d297d078a7dc,32499f1f-f473-40bc-9459-5cb78d4c4ee8,1/7/2025 5:26:47 PM,CIRArcGIS,1/7/2025 5:26:47 PM,CIRArcGIS
245,d36a9fe3-32f6-49f9-bf23-c99487d25ea2,4630ec28-2d10-4821-af06-8b2c9a0d940e,1/7/2025 6:30:52 PM,,1/7/2025 6:30:52 PM,
246,38499b01-66f1-40e1-8f8c-848db67f6e3a,fc2373be-fce1-47ac-b09c-11c1bdb32bed,1/7/2025 6:43:11 PM,CIRArcGIS,1/7/2025 6:43:11 PM,CIRArcGIS
247,205bfd8e-12ec-4509-9eb5-a0b8919ef4ff,f4df5352-4935-4e3f-bbe8-82b14f1d3c14,1/7/2025 7:03:22 PM,CIRArcGIS,1/7/2025 7:03:22 PM,CIRArcGIS
248,cae3c6b9-32b9-4c7a-95ba-4dd72db0bcc2,183abc6e-3f16-4d9c-b2c9-f540f99abca5,1/7/2025 7:19:24 PM,CIRArcGIS,1/7/2025 7:19:24 PM,CIRArcGIS
249,0bee69a3-56fc-4bc4-abbc-580ea9f61587,6fee4e29-4f86-43e1-a2f3-1ebf14c52ed2,1/7/2025 7:36:11 PM,CIRArcGIS,1/7/2025 7:36:11 PM,CIRArcGIS
250,32ddcd98-e3a3-4653-ad4f-a5786a2f1dc1,002c11fe-fb1a-4037-a386-6dde01100ae3,1/7/2025 7:45:49 PM,CIRArcGIS,1/7/2025 7:45:49 PM,CIRArcGIS
251,be69dc14-ac9f-41f1-909b-58bce064e69f,d7e4f427-6e11-426d-b14b-a5ec7ca01c7b,1/7/2025 7:51:36 PM,CIR_FieldTech4,1/7/2025 7:51:36 PM,CIR_FieldTech4
252,416befe5-eea2-42dc-a705-b686914e88a5,573e8ac9-4f06-4aee-aaf6-3a24e8e26d97,1/7/2025 7:58:04 PM,CIRArcGIS,1/7/2025 7:58:04 PM,CIRArcGIS
253,2eff3846-5aee-4482-a62c-abd50a2bfa13,f7074e09-e6f5-4757-87c1-edf914b192cd,1/7/2025 8:12:53 PM,CIR_FieldTech4,1/7/2025 8:12:53 PM,CIR_FieldTech4
254,b9efb782-3dff-4d10-8ddd-61ca67adb6d5,0e21ee33-38bd-4524-84d7-8813c42e73fb,1/7/2025 9:11:56 PM,CIRArcGIS,1/7/2025 9:11:56 PM,CIRArcGIS
255,8fea7fe2-d91d-4a27-ac62-3f1b1490be17,70225906-a6c4-4ad7-a7d7-dd6fd083041a,1/7/2025 9:36:46 PM,CIRArcGIS,1/7/2025 9:36:46 PM,CIRArcGIS
256,28fc5f53-599e-470e-a0fb-bfa4ef4bc2cc,4fe9745a-e70a-42e3-b8e9-49f72bac4e6a,1/7/2025 9:53:32 PM,CIRArcGIS,1/7/2025 9:53:32 PM,CIRArcGIS
257,12a2131f-e620-4b9c-9946-b968f61055df,b1039250-a7da-4c4f-8697-19d3872b820d,1/7/2025 9:53:38 PM,,1/7/2025 9:53:38 PM,
258,da7b9f53-d4ee-4995-8a75-c1c155ae24b4,4f374bff-8e46-4305-84a3-122e1107df92,1/7/2025 10:51:36 PM,,1/7/2025 10:51:36 PM,
259,1172aa12-b155-4f04-b202-be1f4de4304f,2718702b-449c-4e20-b32e-85002f90f6eb,1/8/2025 4:48:46 PM,CIRArcGIS,1/8/2025 4:48:46 PM,CIRArcGIS
260,bb07e42e-9f99-4f44-b15e-401a4063dd89,c3c2eece-e0da-4b81-9539-dda3021124c7,1/8/2025 4:53:05 PM,CIR_FieldTech1,1/8/2025 4:53:05 PM,CIR_FieldTech1
261,83ab4c94-877c-4df8-a95d-54b944bdf04f,a942a78a-2faf-4534-8fb2-72edc4ebf68f,1/8/2025 5:09:05 PM,CIRArcGIS,1/8/2025 5:09:05 PM,CIRArcGIS
262,ff38aaf0-1817-42d8-807d-4bd9be4faf91,c567dbe3-45cd-41be-872b-0897a013267a,1/8/2025 5:17:13 PM,CIR_FieldTech1,1/8/2025 5:17:13 PM,CIR_FieldTech1
263,d0a1a0aa-e792-4d43-8c11-c51471f6bd85,de9cd08e-d8f6-437e-a3a7-d420c2927e94,1/8/2025 5:24:31 PM,CIRArcGIS,1/8/2025 5:24:31 PM,CIRArcGIS
264,3eeac5c6-ce1e-4f95-b4c8-87b42e321343,c6628b7b-1df1-4c4c-a110-d9c19c3c83cd,1/8/2025 5:33:41 PM,CIR_FieldTech1,1/8/2025 5:33:41 PM,CIR_FieldTech1
265,55118ec0-5d96-4f1c-b018-3fa91efa080d,d7815472-c980-4a5f-9a10-0dcbffc340d9,1/8/2025 5:37:03 PM,CIRArcGIS,1/8/2025 5:37:03 PM,CIRArcGIS
266,2db5f995-ba24-4d5f-a69f-947092af4005,ab7c44e1-a47b-4eb4-8be1-4f53aa63eb6b,1/8/2025 5:52:22 PM,CIR_FieldTech4,1/8/2025 5:52:22 PM,CIR_FieldTech4
267,59aa848e-9ba2-490d-a9ca-bad45b9f69d6,69f2f86c-120c-4f32-9b1f-deb4e13b9a2c,1/8/2025 6:16:36 PM,CIR_FieldTech1,1/8/2025 6:16:36 PM,CIR_FieldTech1
268,1b80bee8-2aa2-4da5-bb81-e812abf2dffc,6c38f1f4-c66e-489e-9420-d121213c3c6d,1/8/2025 6:16:43 PM,CIR_FieldTech1,1/8/2025 6:16:43 PM,CIR_FieldTech1
269,2a9dcbb7-2886-42ad-b511-8c9dca587deb,55787548-9997-477b-922f-115163ee7091,6/27/2025 4:14:07 PM,CIR_FieldTech4,6/27/2025 4:14:07 PM,CIR_FieldTech4
270,c8541fe3-e143-4b09-978b-660ea348c7b8,86edd0f8-eaa1-4be6-9a62-044989e9e97c,6/27/2025 4:44:42 PM,CIR_FieldTech4,6/27/2025 4:44:42 PM,CIR_FieldTech4
271,fe667fd6-2778-4739-acfe-1b2f09e8b81f,64c09380-d0cf-46aa-82eb-dd1af99b0277,6/27/2025 5:24:10 PM,CIR_FieldTech1,6/27/2025 5:24:10 PM,CIR_FieldTech1
272,eeb116dd-d4b7-4646-bfb9-c781d6f7b9b4,f0e505e3-0f5c-4840-ae78-cb6423249dfe,6/27/2025 6:38:00 PM,CIR_FieldTech1,6/27/2025 6:38:00 PM,CIR_FieldTech1
273,f2c37d88-e2f6-41e3-aa87-f481c4c9ac6a,4c64bbd7-16ee-4b44-934d-f1315aa3a003,6/27/2025 7:19:38 PM,CIR_FieldTech1,6/27/2025 7:19:38 PM,CIR_FieldTech1
274,a314d465-fccd-4df7-941e-d71a0c83a0aa,bf11d1d5-5a29-429d-baa7-05bffee7bb9e,6/27/2025 8:32:48 PM,CIR_FieldTech1,6/27/2025 8:32:48 PM,CIR_FieldTech1
275,3de4058f-052c-4614-b63f-1f1736e51335,6f939bdd-625e-44f5-bd5d-c030f486b6b0,6/27/2025 9:12:02 PM,CIR_FieldTech1,6/27/2025 9:12:02 PM,CIR_FieldTech1
276,aa17457c-3085-4149-9780-d41b9bc0e3a2,5a8469b4-c805-4548-9f38-d56a92d427ea,6/27/2025 9:33:22 PM,CIR_FieldTech1,6/27/2025 9:33:22 PM,CIR_FieldTech1
277,de3a4048-d090-42be-bbcb-c77503958703,e73b9f85-83ec-457f-ba0e-4d7a7dad75f6,6/27/2025 10:19:05 PM,CIR_FieldTech1,6/27/2025 10:19:05 PM,CIR_FieldTech1
278,e7c95580-8fee-4800-8c53-d32ba6ba6f37,dd145a4e-aac3-4f0e-9287-0798495915b2,6/27/2025 10:35:29 PM,CIR_FieldTech1,6/27/2025 10:35:29 PM,CIR_FieldTech1
279,294c8f00-996e-468f-9df6-28f903a75c54,fb9ef201-eb2f-40c5-a942-84a870d3bbbc,6/30/2025 4:36:50 PM,CIRArcGIS,6/30/2025 4:36:50 PM,CIRArcGIS
280,3b9b9b2a-89e8-4531-b0f5-270c89187bda,40be46f1-8c55-4c28-8004-db26faa901a1,6/30/2025 5:18:36 PM,CIRArcGIS,6/30/2025 5:18:36 PM,CIRArcGIS
281,8b1ad246-a0f4-4a4b-8407-28ef7c7b23a2,01780fbd-b314-4f49-8c36-d3c8a82195ba,6/30/2025 5:26:09 PM,CIR_FieldTech4,6/30/2025 5:26:09 PM,CIR_FieldTech4
282,9218187b-8fcc-46fd-9ebf-0ba2c985e1c4,33bd1064-6c01-467b-870e-be9e4ea9d678,6/30/2025 6:15:27 PM,CIR_FieldTech4,6/30/2025 6:15:27 PM,CIR_FieldTech4
283,9d669d2a-1c48-4264-a158-fb14d92a145b,80b72e31-c923-424d-bcb1-e503aaa58706,6/30/2025 6:17:28 PM,CIRArcGIS,6/30/2025 6:17:28 PM,CIRArcGIS
284,217c9f53-dc2d-4133-9203-447e240386fc,7ef275b7-467d-4add-8a3a-87791c9ed15f,6/30/2025 6:43:05 PM,CIRArcGIS,6/30/2025 6:43:05 PM,CIRArcGIS
285,8c173b26-2e42-4f82-a2bb-94918d9ee5d9,58639731-a7b4-4b9e-8f6c-e1c9c3c878ad,6/30/2025 6:46:22 PM,CIR_FieldTech4,6/30/2025 6:46:22 PM,CIR_FieldTech4
286,7410b312-8834-429c-8d3e-15ff99b39386,40fd7bb8-f82a-4206-9510-b800d83b5a10,6/30/2025 7:18:51 PM,CIR_FieldTech4,6/30/2025 7:18:51 PM,CIR_FieldTech4
287,8201cfcf-b636-4450-bc74-3cd95f9a7f8e,1de703e1-0a58-4946-b932-3b56e61ff87b,6/30/2025 7:28:11 PM,CIRArcGIS,6/30/2025 7:28:11 PM,CIRArcGIS
288,4a7b5f31-653d-4d39-9a9d-e85e3e9f7ffe,1de703e1-0a58-4946-b932-3b56e61ff87b,6/30/2025 7:28:11 PM,CIRArcGIS,6/30/2025 7:28:11 PM,CIRArcGIS
289,12f344e9-6cc5-4b73-aef2-4e998c80126a,3c4760f7-0378-40fd-b872-e65d96edd7ea,6/30/2025 8:22:18 PM,CIRArcGIS,6/30/2025 8:22:18 PM,CIRArcGIS
290,456b42af-4b5b-42c4-8ce4-b5c2171c6f6c,689acd33-2fcf-4f31-8f07-64c5a6cd0e50,6/30/2025 8:31:43 PM,CIR_FieldTech4,6/30/2025 8:31:43 PM,CIR_FieldTech4
291,eddeb9b3-30e2-47c6-8a3a-d81f4b10fdd8,10cba23b-aa96-42fa-9137-c1d3f50f232b,6/30/2025 10:18:52 PM,CIR_FieldTech4,6/30/2025 10:18:52 PM,CIR_FieldTech4
292,6c521139-6f12-4784-8cf8-201f56bb8838,be44deea-70ba-4727-adae-927a60341ffa,6/30/2025 10:18:55 PM,CIRArcGIS,6/30/2025 10:18:55 PM,CIRArcGIS
293,3439f652-105b-4651-b52f-5908bc87e5dc,10d19508-f6d7-44ed-ab1e-7a21d1b130ac,6/30/2025 11:06:14 PM,CIRArcGIS,6/30/2025 11:06:14 PM,CIRArcGIS
